case_id,stage,test,status,evidence,bug_id
DIA-01,A,Empty selection automatic inspection,NOT_RUN,,
DIA-02,A,Selected inspection explanation and persistent picker,NOT_RUN,,
DIA-03,A,GeoPackage clarification asks only missing output path,NOT_RUN,,
DIA-04,A,Output-path reply adds validated conversion,NOT_RUN,,
DIA-05,A,Remove conversion and display removed skill,NOT_RUN,,
DIA-06,A,Clear selection and preserve historical skill snapshots,NOT_RUN,,
DIA-07,A,Explicit selection blocks unselected additions,NOT_RUN,,
DIA-08,A,Chat grants no arbitrary operation or authority,NOT_RUN,,
NAV-01,B,View changes retain workflow and transcript,NOT_RUN,,
UI-01,B,Materials and compact timeline/block controls,NOT_RUN,,
EDIT-01,B,Add delete move inspector and shortcuts,NOT_RUN,,
EDIT-02,B,Connect disconnect transfer and orientations,NOT_RUN,,
EDIT-03,B,Unsafe arguments and cycles block validation and run,NOT_RUN,,
EDIT-04,B,Late planner response preserves manual edits,NOT_RUN,,
REC-01,B,Refresh restores metadata selection and explicit plan recovery,NOT_RUN,,
REC-02,B,Older chat and new chat selection behavior,NOT_RUN,,
ERR-01,B,Model/API failure preserves plan and draft and supports retry,NOT_RUN,,
READ-01,C,Vector inspection reports real two-feature EPSG4326 evidence,NOT_RUN,,
READ-02,C,Outcome History and recovery identify same attempt,NOT_RUN,,
READ-03,C,Optional raster inspection and evidence,NOT_RUN,,
FILE-01,D,Fresh output exact authorization without execution,NOT_RUN,,
FILE-02,D,GeoPackage execution validation and durable evidence,NOT_RUN,,
FILE-03,D,Existing output and overwrite denial,NOT_RUN,,
PG-01,E,Reviewed fresh allowed database target and valid four-step plan,NOT_RUN,,
PG-02,E,Missing or changed authorization blocks writes,NOT_RUN,,
PG-03,E,Exact approved load validates two rows EPSG4326 POINT,NOT_RUN,,
PG-04,E,Report Outcome History and refresh match run without reexecution,NOT_RUN,,
